{
  "default": {
    "avg_sentence_length": 34.0,
    "sentence_var": 0.0,
    "type_token_ratio": 0.7352941176470589
  },
  "student_001": {
    "avg_sentence_length": 22.533333333333335,
    "sentence_var": 81.18222222222222,
    "type_token_ratio": 0.6075581395348837
  }
}